feature,importance
x2,17.38935939841563
x21,15.713374121647368
x23,12.738124510738961
x3,10.22663880957717
x5,5.230403698506713
x8,4.773336257728744
x9,4.638646102066092
x4,4.256278823192647
x15,4.082772414498637
company_id,3.3766695466998424
x10,3.133009149100167
x18,2.9073274128977804
x20,2.8177293010929025
x17,2.0729561300822037
x1,1.7096926745557168
x16,1.1450678012398479
x26,1.1202177015818766
x12,1.0537886322225865
x11,0.9489152757419467
x13,0.6656922384131887
x14,0.0
x22,0.0
